{"chunks": {"-1,0": {"id": "0", "chunkPos": "-1,0", "tiles": ["stone", "stone", "dirt", "dirt", "dirt", "stone", "stone", "dirt", "dirt", "dirt", "stone", "dirt", "dirt", "dirt", "stone", "stone", "dirt", "stone", "stone", "stone", "dirt", "dirt", "dirt", "stone", "stone", "stone", "stone", "stone", "dirt", "dirt", "dirt", "stone", "stone", "dirt", "dirt", "dirt", "stone", "dirt", "dirt", "dirt", "stone", "stone", "dirt", "stone", "stone", "dirt", "stone", "stone", "stone", "dirt", "dirt", "stone", "dirt", "dirt", "dirt", "dirt", "dirt", "dirt", "stone", "dirt", "dirt", "stone", "stone", "dirt"]}, "0,0": {"id": "0", "chunkPos": "0,0", "tiles": ["stone", "stone", "stone", "stone", "dirt", "stone", "stone", "stone", "stone", "stone", "dirt", "stone", "dirt", "dirt", "dirt", "stone", "stone", "stone", "stone", "stone", "dirt", "stone", "stone", "dirt", "dirt", "dirt", "stone", "stone", "stone", "stone", "dirt", "stone", "dirt", "stone", "dirt", "stone", "dirt", "dirt", "dirt", "stone", "stone", "dirt", "dirt", "dirt", "stone", "dirt", "stone", "dirt", "dirt", "stone", "dirt", "stone", "dirt", "dirt", "dirt", "dirt", "stone", "stone", "dirt", "stone", "dirt", "dirt", "stone", "stone"]}, "0,-1": {"id": "0", "chunkPos": "0,-1", "tiles": ["dirt", "stone", "stone", "stone", "stone", "dirt", "dirt", "stone", "stone", "stone", "stone", "dirt", "stone", "stone", "stone", "stone", "dirt", "dirt", "stone", "stone", "dirt", "dirt", "stone", "stone", "dirt", "dirt", "dirt", "dirt", "dirt", "stone", "dirt", "stone", "dirt", "dirt", "stone", "stone", "dirt", "stone", "dirt", "stone", "dirt", "dirt", "dirt", "stone", "stone", "stone", "stone", "dirt", "dirt", "stone", "stone", "dirt", "dirt", "dirt", "dirt", "dirt", "stone", "stone", "stone", "dirt", "dirt", "stone", "dirt", "stone"]}, "-1,-1": {"id": "0", "chunkPos": "-1,-1", "tiles": ["stone", "stone", "dirt", "stone", "dirt", "stone", "stone", "dirt", "stone", "stone", "stone", "dirt", "dirt", "dirt", "stone", "stone", "stone", "stone", "dirt", "dirt", "stone", "dirt", "dirt", "dirt", "stone", "dirt", "dirt", "stone", "dirt", "dirt", "dirt", "dirt", "stone", "stone", "dirt", "dirt", "stone", "dirt", "dirt", "stone", "stone", "dirt", "dirt", "stone", "dirt", "dirt", "dirt", "dirt", "stone", "stone", "dirt", "dirt", "stone", "stone", "stone", "dirt", "stone", "dirt", "dirt", "dirt", "dirt", "stone", "dirt", "stone"]}}}